Chain,Position,ResName,ddG_p53,ddG_CALR,ddG_avg,ddG_diff
A,2,SER,-0.123472,0.550551,0.2135395,0.674023
A,27,LYS,0.0849096,2.53443,1.3096698,2.4495204
A,28,SER,0.109354,0.0,0.054677,0.109354
A,30,THR,-0.355254,3.69237,1.668558,4.047624
A,31,CYS,0.545349,-0.0381161,0.25361645,0.5834651
A,32,THR,1.76588,-0.729954,0.517963,2.495834
A,33,TYR,6.18694,2.34535,4.266145,3.84159
A,50,VAL,3.59125,1.0303,2.310775,2.56095
A,52,LEU,4.61101,0.0,2.305505,4.61101
A,55,ASP,-0.00596997,1.90877,0.951400015,1.91473997
A,57,THR,0.430438,-0.10907,0.160684,0.539508
A,58,PRO,3.05534,2.11647,2.5859050000000003,0.9388700000000001
A,59,PRO,2.32015,0.944866,1.632508,1.375284
A,98,PRO,2.16743,0.819717,1.4935735,1.347713
A,99,GLN,3.19748,1.8079,2.5026900000000003,1.38958
A,100,H2S,0.748251,-0.178467,0.28489200000000003,0.9267179999999999
A,101,LEU,3.19538,1.79409,2.494735,1.4012900000000001
A,102,ILE,4.42443,1.5004,2.962415,2.92403
A,103,ARG,1.43857,0.0969221,0.76774605,1.3416479
A,104,VAL,3.4267,3.17403,3.300365,0.25266999999999973
A,105,GLU,0.56458,0.151582,0.358081,0.412998
A,106,GLY,2.23013,0.816116,1.523123,1.4140139999999999
A,107,ASN,2.38897,1.24671,1.81784,1.14226
A,108,LEU,-0.00359187,0.833031,0.41471956499999996,0.83662287
A,109,ARG,0.496135,0.785348,0.6407415000000001,0.28921300000000005
A,110,VAL,1.30359,0.978367,1.1409785000000001,0.32522300000000004
